{"cameraMode":{"drawMode":0,"name":"Shaded","section":"Shading Mode"},"sceneLighting":true,"audioPlay":false,"sceneViewState":{"showFog":true,"showMaterialUpdate":false,"showSkybox":true,"showFlares":true,"showImageEffects":true,"showParticleSystems":true},"in2DMode":false,"pivot":{"x":4.090764045715332,"y":-84.67742919921875,"z":-153.66314697265626},"rotation":{"x":0.0030475235544145109,"y":0.959879457950592,"z":-0.28029394149780276,"w":0.010363039560616017},"size":83.50108337402344,"orthographic":false}